s,kW,kW,kW,kW,kW,kW,kW,kW,kW,kW,kg/s,kg/s
Time,HRR,Q_RADI,Q_CONV,Q_COND,Q_DIFF,Q_PRES,Q_PART,Q_GEOM,Q_ENTH,Q_TOTAL,MLR_FUEL,MLR_TOTAL
 0.0000000E+000, 0.0000000E+000,-8.0996608E-001,-4.3266538E-006, 0.0000000E+000, 0.0000000E+000, 0.0000000E+000, 0.0000000E+000, 0.0000000E+000, 0.0000000E+000,-8.0997040E-001, 0.0000000E+000, 0.0000000E+000
 1.0206207E+000, 1.3223356E-001,-4.4154689E-002, 3.3198851E-004,-1.1500706E-004,-1.6679039E-005, 0.0000000E+000, 0.0000000E+000, 0.0000000E+000, 2.2088911E-002, 8.8279171E-002, 6.8489026E-006, 6.8489026E-006
 2.0412414E+000, 5.3375443E-001,-1.6306203E-002,-1.8462109E-003,-2.0093019E-003,-4.6706553E-005, 0.0000000E+000, 0.0000000E+000, 0.0000000E+000, 4.7667526E-001, 5.1354601E-001, 1.9951151E-005, 1.9951151E-005
 3.0618622E+000, 8.6473657E-001,-7.1780704E-003, 5.7421773E-003,-8.0767021E-003,-8.1505561E-005, 0.0000000E+000, 0.0000000E+000, 0.0000000E+000, 8.4047802E-001, 8.5514247E-001, 3.2160064E-005, 3.2160064E-005
 4.0824828E+000, 1.1301380E+000,-5.4930242E-003, 4.6306145E-003,-1.4052846E-002,-1.1686038E-004, 0.0000000E+000, 0.0000000E+000, 0.0000000E+000, 1.0969704E+000, 1.1151059E+000, 4.4964534E-005, 4.4964534E-005
 5.0010414E+000, 1.4369312E+000,-6.5540606E-003, 1.2156903E-003,-1.4856808E-002,-1.4833934E-004, 0.0000000E+000, 0.0000000E+000, 0.0000000E+000, 1.4065846E+000, 1.4165877E+000, 5.6908756E-005, 5.6908756E-005
 6.0216622E+000, 1.7604845E+000,-8.6013402E-003, 7.7727168E-003,-1.3630637E-002,-1.8015262E-004, 0.0000000E+000, 0.0000000E+000, 0.0000000E+000, 1.7315782E+000, 1.7458450E+000, 6.9084583E-005, 6.9084583E-005
 7.0422831E+000, 2.1117181E+000,-1.1443211E-002, 8.6260214E-003,-1.4940196E-002,-2.1264571E-004, 0.0000000E+000, 0.0000000E+000, 0.0000000E+000, 2.0852872E+000, 2.0937481E+000, 8.1591274E-005, 8.1591274E-005
 8.0629034E+000, 2.4608140E+000,-1.5017098E-002, 6.6940569E-003,-2.0250393E-002,-2.4570991E-004, 0.0000000E+000, 0.0000000E+000, 0.0000000E+000, 2.4299593E+000, 2.4319948E+000, 9.4395745E-005, 9.4395745E-005
 9.0835247E+000, 2.7916953E+000,-1.9473042E-002, 1.0687147E-002,-2.5386119E-002,-2.7826523E-004, 0.0000000E+000, 0.0000000E+000, 0.0000000E+000, 2.7607944E+000, 2.7572450E+000, 1.0690244E-004, 1.0690244E-004
 1.0002083E+001, 3.1038555E+000,-2.3693514E-002, 9.1132142E-003,-2.6254016E-002,-3.1011363E-004, 0.0000000E+000, 0.0000000E+000, 0.0000000E+000, 3.0692450E+000, 3.0627110E+000, 1.1911135E-004, 1.1911135E-004
 1.1022704E+001, 3.4429866E+000,-6.5335795E-001, 3.3966548E-003,-2.6395771E-002,-3.4172643E-004, 0.0000000E+000, 0.0000000E+000, 0.0000000E+000, 2.8770661E+000, 2.7662879E+000, 1.3132026E-004, 1.3132026E-004
 1.2043324E+001, 3.7815567E+000,-1.0344752E+000,-3.3601960E-003,-2.3366922E-002,-3.7326125E-004, 0.0000000E+000, 0.0000000E+000, 0.0000000E+000, 2.7262343E+000, 2.7199811E+000, 1.4352918E-004, 1.4352918E-004
 1.3063946E+001, 4.1212288E+000,-1.0216029E+000,-4.9911875E-003,-2.4127658E-002,-4.0635042E-004, 0.0000000E+000, 0.0000000E+000, 0.0000000E+000, 3.0890699E+000, 3.0701007E+000, 1.5633365E-004, 1.5633365E-004
 1.4084566E+001, 4.4597946E+000,-1.0264605E+000, 1.3635137E-002,-2.5976752E-002,-4.3948224E-004, 0.0000000E+000, 0.0000000E+000, 0.0000000E+000, 3.4266384E+000, 3.4205530E+000, 1.6913812E-004, 1.6913812E-004
 1.5003124E+001, 4.7840624E+000,-1.0618553E+000, 4.1406625E-002,-2.7585050E-002,-4.7103357E-004, 0.0000000E+000, 0.0000000E+000, 0.0000000E+000, 3.7200518E+000, 3.7355577E+000, 1.8131394E-004, 1.8131394E-004
 1.6023745E+001, 5.1036039E+000,-1.1134647E+000, 3.8819207E-002,-2.9107651E-002,-5.0118036E-004, 0.0000000E+000, 0.0000000E+000, 0.0000000E+000, 3.9986019E+000, 3.9993495E+000, 1.9296039E-004, 1.9296039E-004
 1.7044367E+001, 5.4423038E+000,-1.1807308E+000, 4.0912752E-002,-3.0834095E-002,-5.3429640E-004, 0.0000000E+000, 0.0000000E+000, 0.0000000E+000, 4.2782797E+000, 4.2711173E+000, 2.0576486E-004, 2.0576486E-004
 1.8064987E+001, 5.7818674E+000,-1.2514303E+000, 6.6287813E-004,-3.2531212E-002,-5.6664491E-004, 0.0000000E+000, 0.0000000E+000, 0.0000000E+000, 4.5532970E+000, 4.4980021E+000, 2.1827155E-004, 2.1827155E-004
 1.9085608E+001, 6.1248803E+000,-1.3196014E+000, 2.4421528E-002,-3.4113380E-002,-6.0052092E-004, 0.0000000E+000, 0.0000000E+000, 0.0000000E+000, 4.8231932E+000, 4.7949865E+000, 2.3137380E-004, 2.3137380E-004
 2.0004166E+001, 6.4509409E+000,-1.3865714E+000, 3.8234816E-002,-3.5565800E-002,-6.3105745E-004, 0.0000000E+000, 0.0000000E+000, 0.0000000E+000, 5.0795912E+000, 5.0664074E+000, 2.4318567E-004, 2.4318567E-004
 2.1024788E+001, 6.7671593E+000,-1.4506693E+000, 1.0782994E-002,-3.6940501E-002,-6.6209812E-004, 0.0000000E+000, 0.0000000E+000, 0.0000000E+000, 5.3284548E+000, 5.2896703E+000, 2.5519607E-004, 2.5519607E-004
 2.2045408E+001, 7.1074704E+000,-1.5213169E+000, 4.3321041E-002,-3.8429620E-002,-6.9440157E-004, 0.0000000E+000, 0.0000000E+000, 0.0000000E+000, 5.6028054E+000, 5.5903505E+000, 2.6770276E-004, 2.6770276E-004
 2.3066029E+001, 7.4488359E+000,-1.5912639E+000, 6.1148113E-002,-4.0067822E-002,-7.2745774E-004, 0.0000000E+000, 0.0000000E+000, 0.0000000E+000, 5.8847025E+000, 5.8779248E+000, 2.8050723E-004, 2.8050723E-004
 2.4086649E+001, 7.7931342E+000,-1.6639511E+000, 3.7035125E-003,-4.1768773E-002,-7.6050352E-004, 0.0000000E+000, 0.0000000E+000, 0.0000000E+000, 6.1746748E+000, 6.0903573E+000, 2.9331170E-004, 2.9331170E-004
 2.5005207E+001, 8.1094746E+000,-1.7219048E+000, 6.3217132E-002,-4.3489044E-002,-7.9080542E-004, 0.0000000E+000, 0.0000000E+000, 0.0000000E+000, 6.4401656E+000, 6.4065071E+000, 3.0505740E-004, 3.0505740E-004
 2.6025829E+001, 8.4339270E+000,-1.7852368E+000, 9.5616033E-002,-4.5448141E-002,-8.2193999E-004, 0.0000000E+000, 0.0000000E+000, 0.0000000E+000, 6.6948465E+000, 6.6980362E+000, 3.1713397E-004, 3.1713397E-004
 2.7046450E+001, 8.7762296E+000,-1.8628062E+000,-5.1004989E-003,-4.8136989E-002,-8.5493322E-004, 0.0000000E+000, 0.0000000E+000, 0.0000000E+000, 6.9503309E+000, 6.8593310E+000, 3.2993844E-004, 3.2993844E-004
 2.8067070E+001, 9.1226476E+000,-1.9445818E+000,-2.0316989E-002,-5.1547768E-002,-8.8774516E-004, 0.0000000E+000, 0.0000000E+000, 0.0000000E+000, 7.2062694E+000, 7.1053134E+000, 3.4274291E-004, 3.4274291E-004
 2.9087690E+001, 9.4574025E+000,-2.0151081E+000, 6.5182162E-002,-6.0918218E-002,-9.1611662E-004, 0.0000000E+000, 0.0000000E+000, 0.0000000E+000, 7.4706776E+000, 7.4456422E+000, 3.5495182E-004, 3.5495182E-004
 3.0006248E+001, 9.7803551E+000,-2.0805239E+000, 1.6873237E-001,-8.7956336E-002,-9.4098699E-004, 0.0000000E+000, 0.0000000E+000, 0.0000000E+000, 7.7143554E+000, 7.7796662E+000, 3.6725999E-004, 3.6725999E-004
 3.1026871E+001, 1.0103219E+001,-2.1482198E+000, 2.4040291E-001,-1.2489907E-001,-9.6801835E-004, 0.0000000E+000, 0.0000000E+000, 0.0000000E+000, 7.9448612E+000, 8.0695351E+000, 3.7907187E-004, 3.7907187E-004
 3.2047489E+001, 1.0446321E+001,-2.2201883E+000, 2.2851038E-001,-1.6271278E-001,-1.0036501E-003, 0.0000000E+000, 0.0000000E+000, 0.0000000E+000, 8.1650829E+000, 8.2909267E+000, 3.9217412E-004, 3.9217412E-004
 3.3068111E+001, 1.0789853E+001,-2.2939834E+000, 8.6384297E-002,-1.9500345E-001,-1.0350654E-003, 0.0000000E+000, 0.0000000E+000, 0.0000000E+000, 8.3847596E+000, 8.3862155E+000, 4.0468081E-004, 4.0468081E-004
 3.4088734E+001, 1.1124332E+001,-2.3626413E+000, 3.9720822E-002,-2.1892344E-001,-1.0661416E-003, 0.0000000E+000, 0.0000000E+000, 0.0000000E+000, 8.6471688E+000, 8.5814215E+000, 4.1718750E-004, 4.1718750E-004
 3.5007290E+001, 1.1446558E+001,-2.4331817E+000, 3.2879127E-002,-2.3958921E-001,-1.1009180E-003, 0.0000000E+000, 0.0000000E+000, 0.0000000E+000, 8.8908818E+000, 8.8055653E+000, 4.2913172E-004, 4.2913172E-004
 3.6027912E+001, 1.1771125E+001,-2.5026061E+000, 1.2060927E-001,-2.7369571E-001,-1.1347994E-003, 0.0000000E+000, 0.0000000E+000, 0.0000000E+000, 9.1160402E+000, 9.1142980E+000, 4.4130755E-004, 4.4130755E-004
 3.7048531E+001, 1.2114586E+001,-2.5760184E+000, 2.3152667E-001,-3.1888609E-001,-1.1665991E-003, 0.0000000E+000, 0.0000000E+000, 0.0000000E+000, 9.3518996E+000, 9.4500417E+000, 4.5411202E-004, 4.5411202E-004
 3.8069153E+001, 1.2446770E+001,-2.6457700E+000, 1.1985417E-001,-3.6101949E-001,-1.1954985E-003, 0.0000000E+000, 0.0000000E+000, 0.0000000E+000, 9.5765798E+000, 9.5586391E+000, 4.6661871E-004, 4.6661871E-004
 3.9089775E+001, 1.2786802E+001,-2.7201912E+000, 3.5517904E-002,-3.9823503E-001,-1.2200987E-003, 0.0000000E+000, 0.0000000E+000, 0.0000000E+000, 9.8109502E+000, 9.7026734E+000, 4.7912540E-004, 4.7912540E-004
 4.0008331E+001, 1.3111591E+001,-2.7903331E+000, 7.2685188E-002,-4.3802981E-001,-1.2354124E-003, 0.0000000E+000, 0.0000000E+000, 0.0000000E+000, 1.0020286E+001, 9.9546782E+000, 4.9133432E-004, 4.9133432E-004
 4.1028954E+001, 1.3440321E+001,-2.8625194E+000, 2.1974349E-001,-4.9862125E-001,-1.2645976E-003, 0.0000000E+000, 0.0000000E+000, 0.0000000E+000, 1.0177756E+001, 1.0297659E+001, 5.0354323E-004, 5.0354323E-004
 4.2049576E+001, 1.3782547E+001,-2.9363543E+000, 1.7980079E-001,-5.6184297E-001,-1.2902989E-003, 0.0000000E+000, 0.0000000E+000, 0.0000000E+000, 1.0361270E+001, 1.0462860E+001, 5.1604992E-004, 5.1604992E-004
 4.3070194E+001, 1.4117829E+001,-3.0078902E+000, 2.2961593E-002,-6.1078426E-001,-1.3236323E-003, 0.0000000E+000, 0.0000000E+000, 0.0000000E+000, 1.0623090E+001, 1.0520793E+001, 5.2855661E-004, 5.2855661E-004
 4.4090816E+001, 1.4456433E+001,-3.0820610E+000, 3.6285689E-002,-6.5313790E-001,-1.3703957E-003, 0.0000000E+000, 0.0000000E+000, 0.0000000E+000, 1.0885349E+001, 1.0756150E+001, 5.4136108E-004, 5.4136108E-004
 4.5009373E+001, 1.4782000E+001,-3.1508320E+000, 2.1533345E-001,-6.8858761E-001,-1.4037216E-003, 0.0000000E+000, 0.0000000E+000, 0.0000000E+000, 1.1115353E+001, 1.1156510E+001, 5.5353691E-004, 5.5353691E-004
 4.6029995E+001, 1.5107749E+001,-3.2224659E+000, 1.7469234E-001,-7.2842142E-001,-1.4055255E-003, 0.0000000E+000, 0.0000000E+000, 0.0000000E+000, 1.1336716E+001, 1.1330148E+001, 5.6548113E-004, 5.6548113E-004
 4.7050617E+001, 1.5442362E+001,-3.2958509E+000, 6.3899258E-002,-7.8802080E-001,-1.4272371E-003, 0.0000000E+000, 0.0000000E+000, 0.0000000E+000, 1.1517489E+001, 1.1420962E+001, 5.7798782E-004, 5.7798782E-004
 4.8071236E+001, 1.5782594E+001,-3.3725333E+000, 7.1595985E-002,-8.4702092E-001,-1.4677512E-003, 0.0000000E+000, 0.0000000E+000, 0.0000000E+000, 1.1676227E+001, 1.1633168E+001, 5.9049452E-004, 5.9049452E-004
 4.9091858E+001, 1.6126803E+001,-3.4463142E+000, 1.2773416E-001,-9.1538416E-001,-1.4944339E-003, 0.0000000E+000, 0.0000000E+000, 0.0000000E+000, 1.1907865E+001, 1.1891344E+001, 6.0359676E-004, 6.0359676E-004
 5.0010414E+001, 1.6453484E+001,-3.5191283E+000, 9.1415830E-002,-9.7884302E-001,-1.5325763E-003, 0.0000000E+000, 0.0000000E+000, 0.0000000E+000, 1.2098734E+001, 1.2045396E+001, 6.1540864E-004, 6.1540864E-004
 5.1031036E+001, 1.6776805E+001,-3.5905692E+000, 3.6387782E-002,-1.0313453E+000,-1.5643801E-003, 0.0000000E+000, 0.0000000E+000, 0.0000000E+000, 1.2324166E+001, 1.2189714E+001, 6.2771681E-004, 6.2771681E-004
 5.2051659E+001, 1.7108853E+001,-3.6621237E+000, 6.6995856E-002,-1.0697337E+000,-1.6134402E-003, 0.0000000E+000, 0.0000000E+000, 0.0000000E+000, 1.2556986E+001, 1.2442378E+001, 6.3992573E-004, 6.3992573E-004
 5.3072277E+001, 1.7448921E+001,-3.7342427E+000, 1.5057195E-001,-1.1050516E+000,-1.6430665E-003, 0.0000000E+000, 0.0000000E+000, 0.0000000E+000, 1.2831245E+001, 1.2758555E+001, 6.5273020E-004, 6.5273020E-004
 5.4092899E+001, 1.7794144E+001,-3.8128702E+000, 1.5920388E-002,-1.1570909E+000,-1.6577828E-003, 0.0000000E+000, 0.0000000E+000, 0.0000000E+000, 1.3034939E+001, 1.2838445E+001, 6.6553467E-004, 6.6553467E-004
 5.5011456E+001, 1.8118324E+001,-3.8864852E+000, 9.7414876E-002,-1.2090146E+000,-1.6979565E-003, 0.0000000E+000, 0.0000000E+000, 0.0000000E+000, 1.3194496E+001, 1.3118541E+001, 6.7761123E-004, 6.7761123E-004
 5.6032078E+001, 1.8435764E+001,-3.9576287E+000, 1.4728216E-001,-1.2423010E+000,-1.7289424E-003, 0.0000000E+000, 0.0000000E+000, 0.0000000E+000, 1.3381554E+001, 1.3381388E+001, 6.8935694E-004, 6.8935694E-004
 5.7052700E+001, 1.8775772E+001,-4.0338768E+000,-7.6676793E-002,-1.2671714E+000,-1.7606428E-003, 0.0000000E+000, 0.0000000E+000, 0.0000000E+000, 1.3673306E+001, 1.3396286E+001, 7.0216141E-004, 7.0216141E-004
 5.8073318E+001, 1.9120991E+001,-4.1132461E+000, 1.2846194E-001,-1.3225430E+000,-1.7831367E-003, 0.0000000E+000, 0.0000000E+000, 0.0000000E+000, 1.3903517E+001, 1.3811881E+001, 7.1496588E-004, 7.1496588E-004
 5.9093941E+001, 1.9460635E+001,-4.1929533E+000, 2.3439415E-001,-1.3825269E+000,-1.8291741E-003, 0.0000000E+000, 0.0000000E+000, 0.0000000E+000, 1.4049665E+001, 1.4117719E+001, 7.2747257E-004, 7.2747257E-004
 6.0012497E+001, 1.9786983E+001,-4.2635611E+000, 1.1235379E-001,-1.4417602E+000,-1.8451981E-003, 0.0000000E+000, 0.0000000E+000, 0.0000000E+000, 1.4260772E+001, 1.4192170E+001, 7.3981383E-004, 7.3981383E-004
 6.1033119E+001, 2.0069303E+001,-4.3259436E+000,-1.7599552E+001,-1.4983327E+000,-1.8767976E-003, 0.0000000E+000, 0.0000000E+000, 0.0000000E+000, 1.4173918E+001,-3.3564024E+000, 7.5129484E-004, 7.5129484E-004
 6.2053741E+001, 2.0277266E+001,-4.3653176E+000,-4.8465517E+001,-1.5392295E+000,-1.9266047E-003, 0.0000000E+000, 0.0000000E+000, 0.0000000E+000, 1.3564002E+001,-3.4094725E+001, 7.6439709E-004, 7.6439709E-004
 6.3074360E+001, 2.0635825E+001,-4.4510630E+000,-5.3625748E+001,-1.5756695E+000,-1.9516562E-003, 0.0000000E+000, 0.0000000E+000, 0.0000000E+000, 1.2971654E+001,-3.9018607E+001, 7.7690378E-004, 7.7690378E-004
 6.4094978E+001, 2.1085582E+001,-4.5646766E+000,-4.9398663E+001,-1.6372854E+000,-1.9631493E-003, 0.0000000E+000, 0.0000000E+000, 0.0000000E+000, 1.2254515E+001,-3.4517006E+001, 7.8970825E-004, 7.8970825E-004
 6.5013542E+001, 2.1420031E+001,-4.6361907E+000,-4.9324589E+001,-1.7271236E+000,-1.9918451E-003, 0.0000000E+000, 0.0000000E+000, 0.0000000E+000, 1.2057503E+001,-3.4269865E+001, 8.0135469E-004, 8.0135469E-004
 6.6034164E+001, 2.1716826E+001,-4.6921121E+000,-5.1412160E+001,-1.7929212E+000,-2.0270979E-003, 0.0000000E+000, 0.0000000E+000, 0.0000000E+000, 1.3083323E+001,-3.6182394E+001, 8.1353052E-004, 8.1353052E-004
 6.7054779E+001, 2.1987629E+001,-4.7465752E+000,-5.2844156E+001,-1.8416427E+000,-2.0683935E-003, 0.0000000E+000, 0.0000000E+000, 0.0000000E+000, 1.4178273E+001,-3.7446813E+001, 8.2633499E-004, 8.2633499E-004
 6.8075401E+001, 2.2249987E+001,-4.7953325E+000,-5.0414475E+001,-1.8849234E+000,-2.0838035E-003, 0.0000000E+000, 0.0000000E+000, 0.0000000E+000, 1.4473877E+001,-3.4846828E+001, 8.3913946E-004, 8.3913946E-004
 6.9096024E+001, 2.2596006E+001,-4.8786424E+000,-5.0348376E+001,-1.9187595E+000,-2.1288124E-003, 0.0000000E+000, 0.0000000E+000, 0.0000000E+000, 1.4402234E+001,-3.4551901E+001, 8.5134837E-004, 8.5134837E-004
 7.0014580E+001, 2.2959340E+001,-4.9675786E+000,-5.3099049E+001,-1.9277684E+000,-2.1546064E-003, 0.0000000E+000, 0.0000000E+000, 0.0000000E+000, 1.4084565E+001,-3.7037211E+001, 8.6355728E-004, 8.6355728E-004
 7.1035202E+001, 2.3318064E+001,-5.0563211E+000,-5.2124959E+001,-1.9316880E+000,-2.1995462E-003, 0.0000000E+000, 0.0000000E+000, 0.0000000E+000, 1.3554278E+001,-3.5797103E+001, 8.7576620E-004, 8.7576620E-004
 7.2014343E+001, 2.3788285E+001,-5.1616562E+000,-5.0635477E+001,-1.9332654E+000,-2.2262960E-003, 0.0000000E+000, 0.0000000E+000, 0.0000000E+000, 1.3707138E+001,-3.3944339E+001, 8.8812152E-004, 8.8812152E-004
 7.3022964E+001, 2.4011424E+001,-5.2228813E+000,-5.1986429E+001,-1.9580506E+000,-2.2656081E-003, 0.0000000E+000, 0.0000000E+000, 0.0000000E+000, 1.4534293E+001,-3.5158202E+001, 9.0010281E-004, 9.0010281E-004
 7.4031578E+001, 2.4267739E+001,-5.2728684E+000,-5.1273315E+001,-1.9905870E+000,-2.2877208E-003, 0.0000000E+000, 0.0000000E+000, 0.0000000E+000, 1.5405488E+001,-3.4271318E+001, 9.1282607E-004, 9.1282607E-004
 7.5040199E+001, 2.4576408E+001,-5.3389420E+000,-5.0232313E+001,-2.0656412E+000,-2.2906928E-003, 0.0000000E+000, 0.0000000E+000, 0.0000000E+000, 1.5604694E+001,-3.3062779E+001, 9.2554933E-004, 9.2554933E-004
 7.6048820E+001, 2.4941063E+001,-5.4216407E+000,-5.0728898E+001,-2.1580155E+000,-2.3156167E-003, 0.0000000E+000, 0.0000000E+000, 0.0000000E+000, 1.5158230E+001,-3.3369807E+001, 9.3773117E-004, 9.3773117E-004
 7.7057434E+001, 2.5196642E+001,-5.4632418E+000,-5.2417829E+001,-2.2505707E+000,-2.3368202E-003, 0.0000000E+000, 0.0000000E+000, 0.0000000E+000, 1.4506068E+001,-3.4937336E+001, 9.5050857E-004, 9.5050857E-004
 7.8066055E+001, 2.5661816E+001,-5.5669994E+000,-5.1771632E+001,-2.3303311E+000,-2.3692774E-003, 0.0000000E+000, 0.0000000E+000, 0.0000000E+000, 1.4452888E+001,-3.4009516E+001, 9.6271748E-004, 9.6271748E-004
 7.9074669E+001, 2.5988207E+001,-5.6329879E+000,-5.1317981E+001,-2.3928890E+000,-2.4196176E-003, 0.0000000E+000, 0.0000000E+000, 0.0000000E+000, 1.5170522E+001,-3.3358070E+001, 9.7552195E-004, 9.7552195E-004
 8.0083290E+001, 2.6270472E+001,-5.7056987E+000,-5.1366055E+001,-2.4517336E+000,-2.4455540E-003, 0.0000000E+000, 0.0000000E+000, 0.0000000E+000, 1.6021842E+001,-3.3255462E+001, 9.8802864E-004, 9.8802864E-004
 8.1091904E+001, 2.6571004E+001,-5.7660823E+000,-5.1118766E+001,-2.4723529E+000,-2.4869445E-003, 0.0000000E+000, 0.0000000E+000, 0.0000000E+000, 1.6637489E+001,-3.2788685E+001, 1.0005353E-003, 1.0005353E-003
 8.2100525E+001, 2.6891893E+001,-5.8527157E+000,-5.1112111E+001,-2.5056160E+000,-2.5076380E-003, 0.0000000E+000, 0.0000000E+000, 0.0000000E+000, 1.6520647E+001,-3.2581057E+001, 1.0130420E-003, 1.0130420E-003
 8.3038147E+001, 2.7416556E+001,-5.9804929E+000,-5.1757674E+001,-2.5381472E+000,-2.5359109E-003, 0.0000000E+000, 0.0000000E+000, 0.0000000E+000, 1.6201956E+001,-3.2862294E+001, 1.0253759E-003, 1.0253759E-003
 8.4017471E+001, 2.7631378E+001,-6.0335719E+000,-5.2486240E+001,-2.5303735E+000,-2.5851330E-003, 0.0000000E+000, 0.0000000E+000, 0.0000000E+000, 1.6003207E+001,-3.3421393E+001, 1.0368102E-003, 1.0368102E-003
 8.5085823E+001, 2.7960176E+001,-6.1108168E+000,-5.1594744E+001,-2.5766977E+000,-2.5985528E-003, 0.0000000E+000, 0.0000000E+000, 0.0000000E+000, 1.6269894E+001,-3.2324681E+001, 1.0496688E-003, 1.0496688E-003
 8.6065140E+001, 2.8273871E+001,-6.1749172E+000,-5.0611982E+001,-2.6818459E+000,-2.6070377E-003, 0.0000000E+000, 0.0000000E+000, 0.0000000E+000, 1.6743154E+001,-3.1197481E+001, 1.0622567E-003, 1.0622567E-003
 8.7044464E+001, 2.8557638E+001,-6.2456898E+000,-5.0851496E+001,-2.7753269E+000,-2.6275948E-003, 0.0000000E+000, 0.0000000E+000, 0.0000000E+000, 1.7309654E+001,-3.1317502E+001, 1.0744385E-003, 1.0744385E-003
 8.8059395E+001, 2.8778687E+001,-6.2779005E+000,-5.1255726E+001,-2.8413339E+000,-2.6512845E-003, 0.0000000E+000, 0.0000000E+000, 0.0000000E+000, 1.7385153E+001,-3.1598925E+001, 1.0870478E-003, 1.0870478E-003
 8.9007111E+001, 2.9299285E+001,-6.3957849E+000,-5.2007813E+001,-2.8735596E+000,-2.6873192E-003, 0.0000000E+000, 0.0000000E+000, 0.0000000E+000, 1.7358696E+001,-3.1980560E+001, 1.0989775E-003, 1.0989775E-003
 9.0064598E+001, 2.9406929E+001,-6.8311557E+000,-5.2559053E+001,-2.8672920E+000,-2.7523640E-003, 0.0000000E+000, 0.0000000E+000, 0.0000000E+000, 1.6594098E+001,-3.2853324E+001, 1.1112548E-003, 1.1112548E-003
 9.1025955E+001, 2.9749737E+001,-6.6742723E+000,-5.1808779E+001,-2.8750680E+000,-2.7835149E-003, 0.0000000E+000, 0.0000000E+000, 0.0000000E+000, 1.6917335E+001,-3.1611166E+001, 1.1238156E-003, 1.1238156E-003
 9.2083443E+001, 3.0206435E+001,-6.7670995E+000,-5.0945812E+001,-2.9039249E+000,-2.7997785E-003, 0.0000000E+000, 0.0000000E+000, 0.0000000E+000, 1.7443875E+001,-3.0413202E+001, 1.1364306E-003, 1.1364306E-003
 9.3044800E+001, 3.0501179E+001,-6.8526039E+000,-5.0941212E+001,-2.9163099E+000,-2.8527843E-003, 0.0000000E+000, 0.0000000E+000, 0.0000000E+000, 1.8065714E+001,-3.0211800E+001, 1.1488290E-003, 1.1488290E-003
 9.4006157E+001, 3.0805460E+001,-6.9457705E+000,-5.1210004E+001,-2.9146488E+000,-2.8951464E-003, 0.0000000E+000, 0.0000000E+000, 0.0000000E+000, 1.8513194E+001,-3.0267858E+001, 1.1607401E-003, 1.1607401E-003
 9.5069801E+001, 3.1271792E+001,-7.0832006E+000,-5.1499708E+001,-2.9592088E+000,-2.9142098E-003, 0.0000000E+000, 0.0000000E+000, 0.0000000E+000, 1.8515350E+001,-3.0273240E+001, 1.1733480E-003, 1.1733480E-003
 9.6077621E+001, 3.1354840E+001,-7.4315280E+000,-5.1953724E+001,-3.0202163E+000,-2.9543774E-003, 0.0000000E+000, 0.0000000E+000, 0.0000000E+000, 1.7764803E+001,-3.1053583E+001, 1.1863796E-003, 1.1863796E-003
 9.7025139E+001, 3.1575460E+001,-7.4063939E+000,-5.1991562E+001,-3.0886755E+000,-2.9847285E-003, 0.0000000E+000, 0.0000000E+000, 0.0000000E+000, 1.7521300E+001,-3.0914156E+001, 1.1985580E-003, 1.1985580E-003
 9.8067413E+001, 3.2032721E+001,-7.5036406E+000,-5.1387323E+001,-3.1241653E+000,-3.0139908E-003, 0.0000000E+000, 0.0000000E+000, 0.0000000E+000, 1.7938858E+001,-2.9985422E+001, 1.2108752E-003, 1.2108752E-003
 9.9014931E+001, 3.2377045E+001,-7.1674419E+000,-5.0535742E+001,-3.1057205E+000,-3.0253429E-003, 0.0000000E+000, 0.0000000E+000, 0.0000000E+000, 1.9084674E+001,-2.8434885E+001, 1.2232736E-003, 1.2232736E-003
 1.0005721E+002, 3.2450820E+001,-7.5121070E+000,-5.1515128E+001,-3.0901706E+000,-3.0217572E-003, 0.0000000E+000, 0.0000000E+000, 0.0000000E+000, 1.8990164E+001,-2.9669608E+001, 1.2357803E-003, 1.2357803E-003
 1.0100472E+002, 3.2661000E+001,-7.5065743E+000,-5.1354535E+001,-3.0576069E+000,-3.0707870E-003, 0.0000000E+000, 0.0000000E+000, 0.0000000E+000, 1.8991175E+001,-2.9260787E+001, 1.2476914E-003, 1.2476914E-003
 1.0204699E+002, 2.9947138E+001,-6.6444664E+000,-5.1702526E+001,-3.0094860E+000,-3.0209938E-003, 0.0000000E+000, 0.0000000E+000, 0.0000000E+000, 1.8119267E+001,-3.1412361E+001, 1.2601439E-003, 1.2601439E-003
 1.0308926E+002, 3.1792761E+001,-8.1361709E+000,-5.0692412E+001,-2.9776829E+000,-3.1028756E-003, 0.0000000E+000, 0.0000000E+000, 0.0000000E+000, 1.5915632E+001,-3.0016608E+001, 1.2734086E-003, 1.2734086E-003
 1.0403678E+002, 3.3645563E+001,-7.9509204E+000,-5.1337232E+001,-2.9689277E+000,-3.1718870E-003, 0.0000000E+000, 0.0000000E+000, 0.0000000E+000, 1.8953436E+001,-2.8614688E+001, 1.2855092E-003, 1.2855092E-003
 1.0507906E+002, 3.4905601E+001,-8.1769344E+000,-5.1252983E+001,-2.9836695E+000,-3.2101656E-003, 0.0000000E+000, 0.0000000E+000, 0.0000000E+000, 2.0595303E+001,-2.7511195E+001, 1.2977723E-003, 1.2977723E-003
 1.0602657E+002, 3.5126888E+001,-8.1632103E+000,-5.1455645E+001,-3.0421936E+000,-3.2341576E-003, 0.0000000E+000, 0.0000000E+000, 0.0000000E+000, 2.0647812E+001,-2.7537395E+001, 1.3102248E-003, 1.3102248E-003
 1.0706885E+002, 3.5387448E+001,-7.9315775E+000,-5.1800116E+001,-3.1446243E+000,-3.2957746E-003, 0.0000000E+000, 0.0000000E+000, 0.0000000E+000, 2.0609724E+001,-2.7492165E+001, 1.3226774E-003, 1.3226774E-003
 1.0801637E+002, 3.5983223E+001,-7.9041653E+000,-5.1754938E+001,-3.2727893E+000,-3.3264287E-003, 0.0000000E+000, 0.0000000E+000, 0.0000000E+000, 2.0590948E+001,-2.6951995E+001, 1.3349405E-003, 1.3349405E-003
 1.0905864E+002, 3.6419526E+001,-8.2108686E+000,-5.1721809E+001,-3.3974772E+000,-3.3640428E-003, 0.0000000E+000, 0.0000000E+000, 0.0000000E+000, 2.0371630E+001,-2.6913993E+001, 1.3470411E-003, 1.3470411E-003
 1.1000616E+002, 3.6126058E+001,-8.1204181E+000,-5.1473027E+001,-3.4912227E+000,-3.4004680E-003, 0.0000000E+000, 0.0000000E+000, 0.0000000E+000, 2.0175630E+001,-2.6962010E+001, 1.3596561E-003, 1.3596561E-003
 1.1104842E+002, 3.6071801E+001,-8.0937097E+000,-5.1657741E+001,-3.5485199E+000,-3.4193718E-003, 0.0000000E+000, 0.0000000E+000, 0.0000000E+000, 2.0271547E+001,-2.7231589E+001, 1.3722169E-003, 1.3722169E-003
 1.1209070E+002, 3.5986414E+001,-7.9322373E+000,-5.1410104E+001,-3.5761817E+000,-3.4408029E-003, 0.0000000E+000, 0.0000000E+000, 0.0000000E+000, 2.0414721E+001,-2.6935550E+001, 1.3846694E-003, 1.3846694E-003
 1.1305284E+002, 3.6104445E+001,-8.1976267E+000,-5.1743872E+001,-3.6108505E+000,-3.4740288E-003, 0.0000000E+000, 0.0000000E+000, 0.0000000E+000, 2.0361933E+001,-2.7451378E+001, 1.3972576E-003, 1.3972576E-003
 1.1407346E+002, 3.6653923E+001,-7.7858847E+000,-5.1831921E+001,-3.6123914E+000,-3.5099151E-003, 0.0000000E+000, 0.0000000E+000, 0.0000000E+000, 2.0581694E+001,-2.6579784E+001, 1.4093850E-003, 1.4093850E-003
 1.1509408E+002, 3.8553611E+001,-9.4660143E+000,-5.1805740E+001,-3.5503541E+000,-3.5745268E-003, 0.0000000E+000, 0.0000000E+000, 0.0000000E+000, 2.1217911E+001,-2.6272072E+001, 1.4224873E-003, 1.4224873E-003
 1.1601264E+002, 3.6393936E+001,-8.6847900E+000,-5.1874330E+001,-3.5925293E+000,-3.6051755E-003, 0.0000000E+000, 0.0000000E+000, 0.0000000E+000, 1.9524854E+001,-2.7761318E+001, 1.4342992E-003, 1.4342992E-003
 1.1703326E+002, 3.8471162E+001,-8.8352602E+000,-5.0779630E+001,-3.6436676E+000,-3.6142022E-003, 0.0000000E+000, 0.0000000E+000, 0.0000000E+000, 2.1222854E+001,-2.4791011E+001, 1.4466073E-003, 1.4466073E-003
 1.1804137E+002, 4.0344478E+001,-9.6602683E+000,-5.0836892E+001,-3.7213681E+000,-3.6231678E-003, 0.0000000E+000, 0.0000000E+000, 0.0000000E+000, 2.2466010E+001,-2.3877673E+001, 1.4587787E-003, 1.4587787E-003
 1.1903804E+002, 3.8114759E+001,-8.9319773E+000,-5.0811040E+001,-3.9734334E+000,-3.6728925E-003, 0.0000000E+000, 0.0000000E+000, 0.0000000E+000, 2.0547643E+001,-2.5605365E+001, 1.4712959E-003, 1.4712959E-003
 1.2003471E+002, 3.8875875E+001,-9.6101979E+000,-5.1524687E+001,-4.1560995E+000,-3.7263883E-003, 0.0000000E+000, 0.0000000E+000, 0.0000000E+000, 2.0142001E+001,-2.6418836E+001, 1.4837484E-003, 1.4837484E-003
 1.2103136E+002, 4.0153383E+001,-9.4693757E+000,-4.3616138E+001,-4.0975309E+000,-3.8163733E-003, 0.0000000E+000, 0.0000000E+000, 0.0000000E+000, 1.4219232E+001,-1.7033478E+001, 1.4962010E-003, 1.4962010E-003
 1.2201865E+002, 3.9993746E+001,-9.7390730E+000,-2.9214438E+001,-3.9947005E+000,-3.8459917E-003, 0.0000000E+000, 0.0000000E+000, 0.0000000E+000, 3.9220768E+000,-2.9583108E+000, 1.5083417E-003, 1.5083417E-003
 1.2307456E+002, 4.1080009E+001,-9.5170108E+000,-2.2682834E+001,-3.9211311E+000,-3.8807823E-003, 0.0000000E+000, 0.0000000E+000, 0.0000000E+000, 1.1549559E+000, 4.9551515E+000, 1.5207312E-003, 1.5207312E-003
 1.2404926E+002, 4.1403932E+001,-9.4330197E+000,-2.8156939E+001,-3.9259755E+000,-3.9091960E-003, 0.0000000E+000, 0.0000000E+000, 0.0000000E+000,-3.5415111E-001,-1.1591169E-001, 1.5338068E-003, 1.5338068E-003
 1.2502396E+002, 4.1539720E+001,-9.6321879E+000,-2.4191546E+001,-4.0559187E+000,-3.9349611E-003, 0.0000000E+000, 0.0000000E+000, 0.0000000E+000,-1.1880076E+000, 3.6561333E+000, 1.5459661E-003, 1.5459661E-003
 1.2607987E+002, 4.1613293E+001,-9.6275552E+000,-2.1840099E+001,-4.1845404E+000,-3.9554916E-003, 0.0000000E+000, 0.0000000E+000, 0.0000000E+000, 2.9687348E+000, 5.9571431E+000, 1.5582971E-003, 1.5582971E-003
 1.2705457E+002, 4.1867569E+001,-9.6820709E+000,-2.3972006E+001,-4.0935348E+000,-3.9843510E-003, 0.0000000E+000, 0.0000000E+000, 0.0000000E+000, 6.8026053E+000, 4.1159734E+000, 1.5707809E-003, 1.5707809E-003
 1.2802927E+002, 4.1915114E+001,-9.8749645E+000,-2.3026880E+001,-3.8804064E+000,-4.0197034E-003, 0.0000000E+000, 0.0000000E+000, 0.0000000E+000, 3.5415755E+000, 5.1288437E+000, 1.5826921E-003, 1.5826921E-003
 1.2900395E+002, 4.2706789E+001,-9.7367801E+000,-2.6095608E+001,-3.7142843E+000,-4.0572181E-003, 0.0000000E+000, 0.0000000E+000, 0.0000000E+000, 1.2104402E+000, 3.1560585E+000, 1.5950995E-003, 1.5950995E-003
 1.3005988E+002, 4.3087908E+001,-1.0211756E+001,-2.4625332E+001,-3.5773872E+000,-4.0900167E-003, 0.0000000E+000, 0.0000000E+000, 0.0000000E+000, 2.5518330E+000, 4.6693425E+000, 1.6080032E-003, 1.6080032E-003
 1.3103458E+002, 4.3306638E+001,-9.8135202E+000,-2.6222687E+001,-3.5004299E+000,-4.1265812E-003, 0.0000000E+000, 0.0000000E+000, 0.0000000E+000, 1.0438778E+000, 3.7658743E+000, 1.6204107E-003, 1.6204107E-003
 1.3200926E+002, 4.3860654E+001,-1.0209991E+001,-2.8274064E+001,-3.5271045E+000,-4.1610770E-003, 0.0000000E+000, 0.0000000E+000, 0.0000000E+000, 1.2117379E+000, 1.8453332E+000, 1.6323218E-003, 1.6323218E-003
 1.3306519E+002, 4.3569679E+001,-1.0151308E+001,-2.7248359E+001,-3.6103601E+000,-4.1808357E-003, 0.0000000E+000, 0.0000000E+000, 0.0000000E+000, 2.0821750E+000, 2.5554717E+000, 1.6446529E-003, 1.6446529E-003
 1.3403989E+002, 4.4390944E+001,-9.9491919E+000,-2.6828943E+001,-3.6708831E+000,-4.2206147E-003, 0.0000000E+000, 0.0000000E+000, 0.0000000E+000, 1.5027768E+000, 3.9377060E+000, 1.6571367E-003, 1.6571367E-003
 1.3501457E+002, 4.4890457E+001,-1.0719550E+001,-2.7672399E+001,-3.7011728E+000,-4.2560369E-003, 0.0000000E+000, 0.0000000E+000, 0.0000000E+000, 1.8601464E-001, 2.7930785E+000, 1.6700404E-003, 1.6700404E-003
 1.3607050E+002, 4.5033371E+001,-1.0486746E+001,-2.5628778E+001,-3.7385361E+000,-4.2883342E-003, 0.0000000E+000, 0.0000000E+000, 0.0000000E+000, 2.0056512E+000, 5.1750221E+000, 1.6824478E-003, 1.6824478E-003
 1.3704520E+002, 4.5374473E+001,-1.0546797E+001,-2.3112585E+001,-3.7325219E+000,-4.3195240E-003, 0.0000000E+000, 0.0000000E+000, 0.0000000E+000, 6.5682467E+000, 7.9782494E+000, 1.6948552E-003, 1.6948552E-003
 1.3801988E+002, 4.5598724E+001,-1.0563491E+001,-2.3609647E+001,-3.6501908E+000,-4.3479923E-003, 0.0000000E+000, 0.0000000E+000, 0.0000000E+000, 8.0179708E+000, 7.7710469E+000, 1.7067664E-003, 1.7067664E-003
 1.3907581E+002, 4.5861072E+001,-1.0629497E+001,-2.5391065E+001,-3.5182842E+000,-4.3759260E-003, 0.0000000E+000, 0.0000000E+000, 0.0000000E+000, 5.5263523E+000, 6.3178493E+000, 1.7190975E-003, 1.7190975E-003
 1.4005049E+002, 4.6161717E+001,-1.0728068E+001,-2.5209043E+001,-3.4469195E+000,-4.4054074E-003, 0.0000000E+000, 0.0000000E+000, 0.0000000E+000, 4.3129750E+000, 6.7732816E+000, 1.7323257E-003, 1.7323257E-003
 1.4102519E+002, 4.6615381E+001,-1.0564434E+001,-2.5498927E+001,-3.4364850E+000,-4.4286419E-003, 0.0000000E+000, 0.0000000E+000, 0.0000000E+000, 4.8116518E+000, 7.1111063E+000, 1.7444850E-003, 1.7444850E-003
 1.4208112E+002, 4.7231558E+001,-1.0828123E+001,-2.5290099E+001,-3.3680141E+000,-4.4584418E-003, 0.0000000E+000, 0.0000000E+000, 0.0000000E+000, 6.0604852E+000, 7.7408639E+000, 1.7568924E-003, 1.7568924E-003
 1.4305580E+002, 4.7471621E+001,-1.0813598E+001,-2.6216729E+001,-3.3214844E+000,-4.4945005E-003, 0.0000000E+000, 0.0000000E+000, 0.0000000E+000, 6.0496932E+000, 7.1153157E+000, 1.7692998E-003, 1.7692998E-003
 1.4403050E+002, 4.7794433E+001,-1.0838909E+001,-2.9514007E+001,-3.4098699E+000,-4.5285338E-003, 0.0000000E+000, 0.0000000E+000, 0.0000000E+000, 2.7229197E+000, 4.0271186E+000, 1.7812110E-003, 1.7812110E-003
 1.4500520E+002, 4.8151603E+001,-1.0889818E+001,-2.6892329E+001,-3.5571774E+000,-4.5610000E-003, 0.0000000E+000, 0.0000000E+000, 0.0000000E+000, 4.7894926E+000, 6.8077178E+000, 1.7933703E-003, 1.7933703E-003
 1.4606111E+002, 4.8613658E+001,-1.1015460E+001,-2.6827222E+001,-3.6180237E+000,-4.5950418E-003, 0.0000000E+000, 0.0000000E+000, 0.0000000E+000, 5.1045249E+000, 7.1483568E+000, 1.8065985E-003, 1.8065985E-003
 1.4703581E+002, 4.8895849E+001,-1.1054022E+001,-2.8359226E+001,-3.6584949E+000,-4.6264673E-003, 0.0000000E+000, 0.0000000E+000, 0.0000000E+000, 4.1973248E+000, 5.8194798E+000, 1.8189296E-003, 1.8189296E-003
 1.4801050E+002, 4.9157489E+001,-1.1034301E+001,-3.0769954E+001,-3.7061324E+000,-4.6556993E-003, 0.0000000E+000, 0.0000000E+000, 0.0000000E+000, 2.2243287E+000, 3.6424463E+000, 1.8308407E-003, 1.8308407E-003
 1.4906642E+002, 4.9350869E+001,-1.1223152E+001,-3.1168214E+001,-3.7712220E+000,-4.6854364E-003, 0.0000000E+000, 0.0000000E+000, 0.0000000E+000, 1.7419973E+000, 3.1835962E+000, 1.8432481E-003, 1.8432481E-003
 1.5004112E+002, 4.9508344E+001,-1.1383646E+001,-3.1543519E+001,-3.7989727E+000,-4.7142211E-003, 0.0000000E+000, 0.0000000E+000, 0.0000000E+000, 1.1534019E+000, 2.7774924E+000, 1.8556556E-003, 1.8556556E-003
 1.5101581E+002, 4.9991905E+001,-1.1439663E+001,-3.0720280E+001,-3.8033722E+000,-4.7429206E-003, 0.0000000E+000, 0.0000000E+000, 0.0000000E+000, 2.0950483E+000, 4.0238474E+000, 1.8685593E-003, 1.8685593E-003
 1.5207173E+002, 5.0566612E+001,-1.1534212E+001,-3.0647295E+001,-3.7715454E+000,-4.7692351E-003, 0.0000000E+000, 0.0000000E+000, 0.0000000E+000, 2.7769611E+000, 4.6087896E+000, 1.8810431E-003, 1.8810431E-003
 1.5302504E+002, 5.1127298E+001,-1.1769098E+001,-3.1158898E+001,-3.7215095E+000,-4.7934274E-003, 0.0000000E+000, 0.0000000E+000, 0.0000000E+000, 3.2090723E+000, 4.4729986E+000, 1.8931360E-003, 1.8931360E-003
 1.5404247E+002, 5.0620498E+001,-1.1446591E+001,-3.0496458E+001,-3.6826968E+000,-4.8180689E-003, 0.0000000E+000, 0.0000000E+000, 0.0000000E+000, 3.4292726E+000, 4.9899346E+000, 1.9055689E-003, 1.9055689E-003
 1.5505991E+002, 5.0970330E+001,-1.1992361E+001,-3.0602652E+001,-3.5383491E+000,-4.8617007E-003, 0.0000000E+000, 0.0000000E+000, 0.0000000E+000, 3.7933851E+000, 4.8321056E+000, 1.9179054E-003, 1.9179054E-003
 1.5600465E+002, 5.1469733E+001,-1.1771366E+001,-3.0340949E+001,-3.5038286E+000,-4.8962206E-003, 0.0000000E+000, 0.0000000E+000, 0.0000000E+000, 4.1703541E+000, 5.8486928E+000, 1.9302910E-003, 1.9302910E-003
 1.5702209E+002, 5.1985776E+001,-1.1833484E+001,-3.3207975E+001,-3.5872362E+000,-4.9264286E-003, 0.0000000E+000, 0.0000000E+000, 0.0000000E+000, 1.7315084E+000, 3.3521544E+000, 1.9423658E-003, 1.9423658E-003
 1.5803952E+002, 5.2047302E+001,-1.1778354E+001,-3.1554931E+001,-3.6924966E+000,-4.9540386E-003, 0.0000000E+000, 0.0000000E+000, 0.0000000E+000, 2.9216230E+000, 5.0165662E+000, 1.9549150E-003, 1.9549150E-003
 1.5905695E+002, 5.2611534E+001,-1.1474101E+001,-3.1258478E+001,-3.7045628E+000,-4.9856740E-003, 0.0000000E+000, 0.0000000E+000, 0.0000000E+000, 4.4588746E+000, 6.1694058E+000, 1.9676770E-003, 1.9676770E-003
 1.6000171E+002, 5.3157234E+001,-1.1744898E+001,-3.2092349E+001,-3.6818781E+000,-5.0130249E-003, 0.0000000E+000, 0.0000000E+000, 0.0000000E+000, 4.0951713E+000, 5.6330963E+000, 1.9797681E-003, 1.9797681E-003
 1.6101913E+002, 5.3984631E+001,-1.1622054E+001,-3.2527789E+001,-3.6721372E+000,-5.0443491E-003, 0.0000000E+000, 0.0000000E+000, 0.0000000E+000, 4.7403668E+000, 6.1576075E+000, 1.9919246E-003, 1.9919246E-003
 1.6203656E+002, 5.4456862E+001,-1.1794162E+001,-3.4047339E+001,-3.6826989E+000,-5.0788766E-003, 0.0000000E+000, 0.0000000E+000, 0.0000000E+000, 3.5692481E+000, 4.9275841E+000, 2.0046866E-003, 2.0046866E-003
 1.6305400E+002, 5.4629947E+001,-1.2149907E+001,-3.7390957E+001,-3.7719356E+000,-5.1033248E-003, 0.0000000E+000, 0.0000000E+000, 0.0000000E+000,-2.3221982E-001, 1.3120441E+000, 2.0170231E-003, 2.0170231E-003
 1.6407143E+002, 5.4565826E+001,-1.2506456E+001,-3.4396634E+001,-3.9084852E+000,-5.1283671E-003, 0.0000000E+000, 0.0000000E+000, 0.0000000E+000, 1.9062621E+000, 3.7491216E+000, 2.0299977E-003, 2.0299977E-003
 1.6501619E+002, 5.4574354E+001,-1.2400171E+001,-3.4547873E+001,-3.9447573E+000,-5.1532009E-003, 0.0000000E+000, 0.0000000E+000, 0.0000000E+000, 2.1681630E+000, 3.6764004E+000, 2.0420725E-003, 2.0420725E-003
 1.6603362E+002, 5.4893195E+001,-1.2475046E+001,-3.2397365E+001,-4.0645061E+000,-5.1789293E-003, 0.0000000E+000, 0.0000000E+000, 0.0000000E+000, 4.4496132E+000, 5.9510987E+000, 2.0542454E-003, 2.0542454E-003
 1.6705104E+002, 5.5125961E+001,-1.2136553E+001,-3.2705977E+001,-4.2017680E+000,-5.2065810E-003, 0.0000000E+000, 0.0000000E+000, 0.0000000E+000, 4.6231387E+000, 6.0764564E+000, 2.0667946E-003, 2.0667946E-003
 1.6806848E+002, 5.5600649E+001,-1.2665455E+001,-3.5082898E+001,-4.3402436E+000,-5.2318911E-003, 0.0000000E+000, 0.0000000E+000, 0.0000000E+000, 2.2633936E+000, 3.5068206E+000, 2.0793438E-003, 2.0793438E-003
 1.6901323E+002, 5.6102721E+001,-1.2678941E+001,-3.3524271E+001,-4.4847923E+000,-5.2683187E-003, 0.0000000E+000, 0.0000000E+000, 0.0000000E+000, 3.3440874E+000, 5.4094478E+000, 2.0915495E-003, 2.0915495E-003
 1.7003067E+002, 5.6420820E+001,-1.2203994E+001,-3.1973866E+001,-4.6232536E+000,-5.3175045E-003, 0.0000000E+000, 0.0000000E+000, 0.0000000E+000, 6.1640512E+000, 7.6143889E+000, 2.1038042E-003, 2.1038042E-003
 1.7104810E+002, 5.5320858E+001,-1.2181412E+001,-3.1079420E+001,-4.8670323E+000,-5.3396294E-003, 0.0000000E+000, 0.0000000E+000, 0.0000000E+000, 5.6497725E+000, 7.1876538E+000, 2.1163534E-003, 2.1163534E-003
 1.7206552E+002, 5.8660515E+001,-1.2496867E+001,-2.8473195E+001,-4.9134861E+000,-5.3957138E-003, 0.0000000E+000, 0.0000000E+000, 0.0000000E+000, 1.0884449E+001, 1.2771572E+001, 2.1291154E-003, 2.1291154E-003
 1.7301028E+002, 5.6735045E+001,-1.2496963E+001,-2.9815992E+001,-5.0312473E+000,-5.4259137E-003, 0.0000000E+000, 0.0000000E+000, 0.0000000E+000, 7.9085016E+000, 9.3854164E+000, 2.1412556E-003, 2.1412556E-003
 1.7402771E+002, 5.7105293E+001,-1.2959435E+001,-2.8313235E+001,-5.0867075E+000,-5.4516150E-003, 0.0000000E+000, 0.0000000E+000, 0.0000000E+000, 8.5806880E+000, 1.0740464E+001, 2.1533630E-003, 2.1533630E-003
 1.7504514E+002, 5.6934640E+001,-1.2639354E+001,-2.8030832E+001,-5.0836363E+000,-5.4755584E-003, 0.0000000E+000, 0.0000000E+000, 0.0000000E+000, 9.9167679E+000, 1.1175342E+001, 2.1659123E-003, 2.1659123E-003
 1.7606258E+002, 5.8084849E+001,-1.3024296E+001,-2.8579569E+001,-5.1716265E+000,-5.5145924E-003, 0.0000000E+000, 0.0000000E+000, 0.0000000E+000, 9.7002136E+000, 1.1303843E+001, 2.1786742E-003, 2.1786742E-003
 1.7700732E+002, 5.9532852E+001,-1.3530709E+001,-2.6807601E+001,-5.0744524E+000,-5.5485637E-003, 0.0000000E+000, 0.0000000E+000, 0.0000000E+000, 1.2096627E+001, 1.4114541E+001, 2.1909617E-003, 2.1909617E-003
 1.7802477E+002, 5.9235535E+001,-1.2680448E+001,-2.7071067E+001,-5.0244602E+000,-5.5599618E-003, 0.0000000E+000, 0.0000000E+000, 0.0000000E+000, 1.2645461E+001, 1.4454000E+001, 2.2029219E-003, 2.2029219E-003
 1.7904219E+002, 6.0150841E+001,-1.3558325E+001,-2.5938316E+001,-5.0439039E+000,-5.6127990E-003, 0.0000000E+000, 0.0000000E+000, 0.0000000E+000, 1.4515608E+001, 1.5604683E+001, 2.2154711E-003, 2.2154711E-003
 1.8005962E+002, 5.9040015E+001,-1.3030339E+001,-2.3923260E+001,-4.8875998E+000,-5.6267962E-003, 0.0000000E+000, 0.0000000E+000, 0.0000000E+000, 1.5621859E+001, 1.7193189E+001, 2.2282330E-003, 2.2282330E-003
 1.8100438E+002, 6.0457387E+001,-1.3461551E+001,-2.6295077E+001,-4.7766729E+000,-5.6633424E-003, 0.0000000E+000, 0.0000000E+000, 0.0000000E+000, 1.4853031E+001, 1.5918423E+001, 2.2404387E-003, 2.2404387E-003
 1.8202180E+002, 6.0814012E+001,-1.2714830E+001,-3.1393105E+001,-5.0413534E+000,-5.6935624E-003, 0.0000000E+000, 0.0000000E+000, 0.0000000E+000, 9.8861491E+000, 1.1659030E+001, 2.2524807E-003, 2.2524807E-003
 1.8303925E+002, 6.1573822E+001,-1.3923740E+001,-3.1012499E+001,-5.0138985E+000,-5.7340549E-003, 0.0000000E+000, 0.0000000E+000, 0.0000000E+000, 1.0292609E+001, 1.1617950E+001, 2.2652426E-003, 2.2652426E-003
 1.8405667E+002, 6.1347711E+001,-1.3317818E+001,-2.8106886E+001,-5.0920879E+000,-5.7677268E-003, 0.0000000E+000, 0.0000000E+000, 0.0000000E+000, 1.3227375E+001, 1.4825152E+001, 2.2777919E-003, 2.2777919E-003
 1.8500142E+002, 5.8797619E+001,-1.2944625E+001,-2.8993687E+001,-5.3951153E+000,-5.7630383E-003, 0.0000000E+000, 0.0000000E+000, 0.0000000E+000, 9.8694724E+000, 1.1458428E+001, 2.2901448E-003, 2.2901448E-003
 1.8601886E+002, 6.2133853E+001,-1.3860534E+001,-3.0293487E+001,-5.7534947E+000,-5.8336794E-003, 0.0000000E+000, 0.0000000E+000, 0.0000000E+000, 1.0806509E+001, 1.2220503E+001, 2.3020395E-003, 2.3020395E-003
 1.8703629E+002, 6.1557750E+001,-1.3637939E+001,-2.9337015E+001,-5.8800805E+000,-5.8506721E-003, 0.0000000E+000, 0.0000000E+000, 0.0000000E+000, 1.0690773E+001, 1.2696865E+001, 2.3148015E-003, 2.3148015E-003
 1.8805371E+002, 6.2144461E+001,-1.4071819E+001,-2.7589920E+001,-5.8600005E+000,-5.8942726E-003, 0.0000000E+000, 0.0000000E+000, 0.0000000E+000, 1.3357099E+001, 1.4616828E+001, 2.3275634E-003, 2.3275634E-003
 1.8900822E+002, 6.3519469E+001,-1.4032416E+001,-2.8696939E+001,-5.9215788E+000,-5.9283527E-003, 0.0000000E+000, 0.0000000E+000, 0.0000000E+000, 1.3087914E+001, 1.4862607E+001, 2.3397329E-003, 2.3397329E-003
 1.9001315E+002, 6.3850349E+001,-1.4976063E+001,-2.9373800E+001,-5.9104821E+000,-5.9573715E-003, 0.0000000E+000, 0.0000000E+000, 0.0000000E+000, 1.1952844E+001, 1.3584047E+001, 2.3518111E-003, 2.3518111E-003
 1.9101808E+002, 6.3087257E+001,-1.3385110E+001,-2.7323613E+001,-5.9519747E+000,-5.9736416E-003, 0.0000000E+000, 0.0000000E+000, 0.0000000E+000, 1.5439485E+001, 1.6420585E+001, 2.3643603E-003, 2.3643603E-003
 1.9202299E+002, 6.3187357E+001,-1.3859815E+001,-3.0588933E+001,-6.0390449E+000,-6.0075831E-003, 0.0000000E+000, 0.0000000E+000, 0.0000000E+000, 1.1265923E+001, 1.2693557E+001, 2.3766968E-003, 2.3766968E-003
 1.9302792E+002, 6.3187073E+001,-1.4602119E+001,-3.5770387E+001,-6.2873382E+000,-6.0288745E-003, 0.0000000E+000, 0.0000000E+000, 0.0000000E+000, 4.8210033E+000, 6.5211989E+000, 2.3890334E-003, 2.3890334E-003
 1.9403285E+002, 6.4658504E+001,-1.4569709E+001,-3.2631743E+001,-6.3920612E+000,-6.0719032E-003, 0.0000000E+000, 0.0000000E+000, 0.0000000E+000, 9.5770677E+000, 1.1058918E+001, 2.4015826E-003, 2.4015826E-003
 1.9503778E+002, 6.4449281E+001,-1.4432636E+001,-3.0743621E+001,-6.3462958E+000,-6.0982187E-003, 0.0000000E+000, 0.0000000E+000, 0.0000000E+000, 1.0659738E+001, 1.2920630E+001, 2.4141318E-003, 2.4141318E-003
 1.9604269E+002, 6.3781377E+001,-1.4787528E+001,-3.0643560E+001,-6.1973218E+000,-6.1077523E-003, 0.0000000E+000, 0.0000000E+000, 0.0000000E+000, 1.0966826E+001, 1.2146859E+001, 2.4266810E-003, 2.4266810E-003
 1.9704762E+002, 6.5413433E+001,-1.4474473E+001,-2.8482113E+001,-5.9644076E+000,-6.1548902E-003, 0.0000000E+000, 0.0000000E+000, 0.0000000E+000, 1.5123125E+001, 1.6486284E+001, 2.4390176E-003, 2.4390176E-003
 1.9805255E+002, 6.5933991E+001,-1.5024535E+001,-3.1936636E+001,-5.8096602E+000,-6.1878442E-003, 0.0000000E+000, 0.0000000E+000, 0.0000000E+000, 1.2305814E+001, 1.3156971E+001, 2.4515668E-003, 2.4515668E-003
 1.9905748E+002, 6.6217341E+001,-1.4565879E+001,-3.5218193E+001,-5.7880729E+000,-6.2228741E-003, 0.0000000E+000, 0.0000000E+000, 0.0000000E+000, 8.7966486E+000, 1.0638974E+001, 2.4641160E-003, 2.4641160E-003
 2.0006239E+002, 6.6113199E+001,-1.5009948E+001,-3.5639947E+001,-5.8319502E+000,-6.2543222E-003, 0.0000000E+000, 0.0000000E+000, 0.0000000E+000, 7.8604012E+000, 9.6250992E+000, 2.4764526E-003, 2.4764526E-003
 2.0106732E+002, 6.6793143E+001,-1.4925934E+001,-3.9428141E+001,-5.9417991E+000,-6.2814577E-003, 0.0000000E+000, 0.0000000E+000, 0.0000000E+000, 5.3329748E+000, 6.4909871E+000, 2.4887891E-003, 2.4887891E-003
 2.0200047E+002, 6.6682948E+001,-1.5146443E+001,-3.7018012E+001,-6.1839967E+000,-6.3099976E-003, 0.0000000E+000, 0.0000000E+000, 0.0000000E+000, 6.7677865E+000, 8.3281862E+000, 2.5008802E-003, 2.5008802E-003
 2.0300540E+002, 6.7267512E+001,-1.5045333E+001,-3.5072775E+001,-6.2284930E+000,-6.3287554E-003, 0.0000000E+000, 0.0000000E+000, 0.0000000E+000, 8.7829700E+000, 1.0914583E+001, 2.5130368E-003, 2.5130368E-003
 2.0401031E+002, 6.7898498E+001,-1.5199961E+001,-3.2767837E+001,-6.1023812E+000,-6.3543075E-003, 0.0000000E+000, 0.0000000E+000, 0.0000000E+000, 1.2160594E+001, 1.3821964E+001, 2.5253733E-003, 2.5253733E-003
 2.0501524E+002, 6.8363578E+001,-1.5418334E+001,-2.9595594E+001,-5.8601491E+000,-6.3873935E-003, 0.0000000E+000, 0.0000000E+000, 0.0000000E+000, 1.6208451E+001, 1.7483112E+001, 2.5379225E-003, 2.5379225E-003
 2.0602017E+002, 6.8655428E+001,-1.5650174E+001,-3.6787645E+001,-5.7152227E+000,-6.4243500E-003, 0.0000000E+000, 0.0000000E+000, 0.0000000E+000, 9.8700358E+000, 1.0495962E+001, 2.5504718E-003, 2.5504718E-003
 2.0705974E+002, 6.8980155E+001,-1.5175648E+001,-4.2647468E+001,-5.6383054E+000,-6.4533080E-003, 0.0000000E+000, 0.0000000E+000, 0.0000000E+000, 4.1156707E+000, 5.5122799E+000, 2.5630547E-003, 2.5630547E-003
 2.0803593E+002, 6.8985401E+001,-1.4911751E+001,-3.9220961E+001,-5.5949591E+000,-6.4709923E-003, 0.0000000E+000, 0.0000000E+000, 0.0000000E+000, 7.6593389E+000, 9.2512581E+000, 2.5755702E-003, 2.5755702E-003
 2.0904543E+002, 6.9674791E+001,-1.5664973E+001,-4.3035250E+001,-5.7277002E+000,-6.5040068E-003, 0.0000000E+000, 0.0000000E+000, 0.0000000E+000, 3.2576126E+000, 5.2403637E+000, 2.5878371E-003, 2.5878371E-003
 2.1002280E+002, 6.8937196E+001,-1.5373084E+001,-3.9692911E+001,-5.9447060E+000,-6.5395937E-003, 0.0000000E+000, 0.0000000E+000, 0.0000000E+000, 6.8354564E+000, 7.9199550E+000, 2.6003497E-003, 2.6003497E-003
 2.1105653E+002, 6.9519320E+001,-1.5497607E+001,-3.8554661E+001,-6.0684307E+000,-6.5706973E-003, 0.0000000E+000, 0.0000000E+000, 0.0000000E+000, 7.6706913E+000, 9.3920504E+000, 2.6127075E-003, 2.6127075E-003
 2.1202136E+002, 6.9792444E+001,-1.5858183E+001,-4.0507399E+001,-6.2637068E+000,-6.6067554E-003, 0.0000000E+000, 0.0000000E+000, 0.0000000E+000, 5.6638179E+000, 7.1565491E+000, 2.6251291E-003, 2.6251291E-003
 2.1305511E+002, 7.0721606E+001,-1.5609655E+001,-3.9786102E+001,-6.3256479E+000,-6.6190461E-003, 0.0000000E+000, 0.0000000E+000, 0.0000000E+000, 7.4655935E+000, 8.9935820E+000, 2.6375223E-003, 2.6375223E-003
 2.1401994E+002, 7.1509564E+001,-1.6058586E+001,-4.2281224E+001,-6.3461891E+000,-6.6603674E-003, 0.0000000E+000, 0.0000000E+000, 0.0000000E+000, 5.4782297E+000, 6.8169045E+000, 2.6498021E-003, 2.6498021E-003
 2.1505370E+002, 7.1522991E+001,-1.6052040E+001,-4.5018776E+001,-6.2390241E+000,-6.7041443E-003, 0.0000000E+000, 0.0000000E+000, 0.0000000E+000, 3.1565654E+000, 4.2064474E+000, 2.6621387E-003, 2.6621387E-003
 2.1601852E+002, 7.1354052E+001,-1.6486531E+001,-3.9615161E+001,-6.3546901E+000,-6.7096184E-003, 0.0000000E+000, 0.0000000E+000, 0.0000000E+000, 6.7104523E+000, 8.8909597E+000, 2.6746879E-003, 2.6746879E-003
 2.1702470E+002, 7.2599932E+001,-1.5946405E+001,-3.6517103E+001,-6.5454891E+000,-6.7384840E-003, 0.0000000E+000, 0.0000000E+000, 0.0000000E+000, 1.1989353E+001, 1.3584196E+001, 2.6869603E-003, 2.6869603E-003
 2.1801021E+002, 7.2598203E+001,-1.5995932E+001,-3.8323493E+001,-6.5972724E+000,-6.7832512E-003, 0.0000000E+000, 0.0000000E+000, 0.0000000E+000, 1.0778375E+001, 1.1674722E+001, 2.6992464E-003, 2.6992464E-003
 2.1902808E+002, 7.3413417E+001,-1.6506493E+001,-3.8383240E+001,-6.5939304E+000,-6.8127124E-003, 0.0000000E+000, 0.0000000E+000, 0.0000000E+000, 1.0090038E+001, 1.1922941E+001, 2.7117684E-003, 2.7117684E-003
 2.2004594E+002, 7.1883589E+001,-1.5768102E+001,-3.5604893E+001,-6.7429023E+000,-6.8103457E-003, 0.0000000E+000, 0.0000000E+000, 0.0000000E+000, 1.2531498E+001, 1.3760882E+001, 2.7242751E-003, 2.7242751E-003
 2.2106380E+002, 7.2406906E+001,-1.6336029E+001,-3.6843957E+001,-6.5456184E+000,-6.8384865E-003, 0.0000000E+000, 0.0000000E+000, 0.0000000E+000, 1.1369751E+001, 1.2674463E+001, 2.7369803E-003, 2.7369803E-003
 2.2201381E+002, 7.5448440E+001,-1.6432406E+001,-3.4551489E+001,-6.3146829E+000,-6.8811688E-003, 0.0000000E+000, 0.0000000E+000, 0.0000000E+000, 1.6451320E+001, 1.8142981E+001, 2.7491325E-003, 2.7491325E-003
 2.2303168E+002, 7.4941613E+001,-1.6968953E+001,-3.6048470E+001,-6.0898280E+000,-6.9059722E-003, 0.0000000E+000, 0.0000000E+000, 0.0000000E+000, 1.5603792E+001, 1.5827456E+001, 2.7611996E-003, 2.7611996E-003
 2.2404953E+002, 7.2926948E+001,-1.5248558E+001,-4.0125252E+001,-6.2043089E+000,-6.9531905E-003, 0.0000000E+000, 0.0000000E+000, 0.0000000E+000, 9.6033084E+000, 1.1341875E+001, 2.7741033E-003, 2.7741033E-003
 2.2506740E+002, 7.4840861E+001,-1.7025605E+001,-3.9691348E+001,-6.2636549E+000,-6.9957874E-003, 0.0000000E+000, 0.0000000E+000, 0.0000000E+000, 9.7484474E+000, 1.1853258E+001, 2.7866100E-003, 2.7866100E-003
 2.2601741E+002, 7.2484835E+001,-1.5807416E+001,-3.9268346E+001,-6.6269440E+000,-6.9503729E-003, 0.0000000E+000, 0.0000000E+000, 0.0000000E+000, 8.4888144E+000, 1.0775179E+001, 2.7986913E-003, 2.7986913E-003
 2.2703526E+002, 7.5487534E+001,-1.6916606E+001,-3.4981697E+001,-6.8326315E+000,-7.0471453E-003, 0.0000000E+000, 0.0000000E+000, 0.0000000E+000, 1.5402200E+001, 1.6749553E+001, 2.8110279E-003, 2.8110279E-003
 2.2804634E+002, 7.3662655E+001,-1.7368675E+001,-3.7428339E+001,-6.8334509E+000,-7.0358995E-003, 0.0000000E+000, 0.0000000E+000, 0.0000000E+000, 1.1660386E+001, 1.2025154E+001, 2.8237184E-003, 2.8237184E-003
 2.2901671E+002, 7.6787249E+001,-1.6953703E+001,-4.1293599E+001,-7.0777006E+000,-7.0816388E-003, 0.0000000E+000, 0.0000000E+000, 0.0000000E+000, 8.9278452E+000, 1.1455164E+001, 2.8359954E-003, 2.8359954E-003
 2.3006171E+002, 7.7934110E+001,-1.7695732E+001,-3.7987615E+001,-6.9826597E+000,-7.1668031E-003, 0.0000000E+000, 0.0000000E+000, 0.0000000E+000, 1.3841384E+001, 1.5260936E+001, 2.8484628E-003, 2.8484628E-003
 2.3103207E+002, 7.7962211E+001,-1.7466256E+001,-3.5635651E+001,-6.6735980E+000,-7.1803060E-003, 0.0000000E+000, 0.0000000E+000, 0.0000000E+000, 1.7064872E+001, 1.8179525E+001, 2.8609630E-003, 2.8609630E-003
 2.3200244E+002, 7.7610054E+001,-1.8313138E+001,-3.4233260E+001,-6.6362588E+000,-7.1386977E-003, 0.0000000E+000, 0.0000000E+000, 0.0000000E+000, 1.7133939E+001, 1.8420259E+001, 2.8728741E-003, 2.8728741E-003
 2.3304744E+002, 7.5704842E+001,-1.6341062E+001,-3.5481383E+001,-6.7891793E+000,-7.1137536E-003, 0.0000000E+000, 0.0000000E+000, 0.0000000E+000, 1.5748917E+001, 1.7086104E+001, 2.8854724E-003, 2.8854724E-003
 2.3401781E+002, 7.7345235E+001,-1.7064348E+001,-3.5810483E+001,-6.8216402E+000,-7.1898793E-003, 0.0000000E+000, 0.0000000E+000, 0.0000000E+000, 1.5744615E+001, 1.7641574E+001, 2.8980708E-003, 2.8980708E-003
 2.3506281E+002, 7.9653580E+001,-1.7461241E+001,-3.9238516E+001,-7.0516520E+000,-7.2402816E-003, 0.0000000E+000, 0.0000000E+000, 0.0000000E+000, 1.3839483E+001, 1.5894930E+001, 2.9103582E-003, 2.9103582E-003
 2.3603317E+002, 7.9392926E+001,-1.7906345E+001,-4.2040003E+001,-7.5235400E+000,-7.3306177E-003, 0.0000000E+000, 0.0000000E+000, 0.0000000E+000, 1.1533132E+001, 1.1915707E+001, 2.9230383E-003, 2.9230383E-003
 2.3703329E+002, 7.7944829E+001,-1.7351385E+001,-4.1791719E+001,-7.7200515E+000,-7.3240204E-003, 0.0000000E+000, 0.0000000E+000, 0.0000000E+000, 9.9201225E+000, 1.1074350E+001, 2.9352676E-003, 2.9352676E-003
 2.3803140E+002, 7.9417273E+001,-1.8333252E+001,-4.3610379E+001,-7.5108675E+000,-7.4049831E-003, 0.0000000E+000, 0.0000000E+000, 0.0000000E+000, 9.0291570E+000, 9.9553695E+000, 2.9474770E-003, 2.9474770E-003
 2.3904265E+002, 7.8742495E+001,-1.6992650E+001,-4.3343109E+001,-7.5497861E+000,-7.4104419E-003, 0.0000000E+000, 0.0000000E+000, 0.0000000E+000, 8.4188089E+000, 1.0849540E+001, 2.9601297E-003, 2.9601297E-003
 2.4005388E+002, 7.9852934E+001,-1.8032000E+001,-3.9643967E+001,-7.4616444E+000,-7.4176924E-003, 0.0000000E+000, 0.0000000E+000, 0.0000000E+000, 1.2746953E+001, 1.4707905E+001, 2.9726790E-003, 2.9726790E-003
 2.4106512E+002, 8.1794664E+001,-1.8148235E+001,-3.6326644E+001,-7.4770439E+000,-7.5337135E-003, 0.0000000E+000, 0.0000000E+000, 0.0000000E+000, 1.8570843E+001, 1.9835208E+001, 2.9852282E-003, 2.9852282E-003
 2.4200414E+002, 8.0302163E+001,-1.7772706E+001,-3.7423797E+001,-7.5875281E+000,-7.5689646E-003, 0.0000000E+000, 0.0000000E+000, 0.0000000E+000, 1.7256186E+001, 1.7510563E+001, 2.9972539E-003, 2.9972539E-003
 2.4301538E+002, 8.1294574E+001,-1.8809132E+001,-4.4363155E+001,-7.5120309E+000,-7.5943378E-003, 0.0000000E+000, 0.0000000E+000, 0.0000000E+000, 9.6764482E+000, 1.0602661E+001, 3.0094759E-003, 3.0094759E-003
